Guest;Age;Group;Interests
Sarah Gutierrez;55;Other;Reading
Theodore Ramos;19;Family;Technology
Theresa Hernandez;32;Family;Cooking
Jason Mason;48;Colleagues;Reading
Andrea Hines;51;Friends;Hiking
Katelyn Williams;24;Colleagues;Painting
Kristen Brooks;26;Family;Cooking
Sarah Mitchell;28;Other;Reading
Denise Walker;36;Friends;Gaming
Mariah Mckinney;30;Friends;Movies
Ms. Kristina Edwards MD;65;Friends;Cooking
Dennis Coffey;72;Other;Music
Thomas Gonzalez;74;Colleagues;Photography
Angela Benton;47;Friends;Sports
Sean Martinez;60;Family;Technology
Natalie Carlson;40;Other;Technology
Darlene Nichols;29;Other;Gaming
Stephanie Farmer MD;65;Colleagues;Sports
Catherine Holden;65;Colleagues;Fashion
Whitney Lyons;73;Friends;Fashion
Shelly Armstrong;57;Friends;Fashion
Nicole Gonzalez;25;Colleagues;Technology
Brianna Osborn;70;Colleagues;Fitness
Mary Cochran;21;Colleagues;Travel
Patrick Humphrey;46;Colleagues;Photography
Sydney Reese;63;Other;Sports
Benjamin Burke;24;Colleagues;Fitness
Stephen Jones;21;Family;Fitness
Joseph Proctor;34;Family;Music
Jeffery White;63;Colleagues;Gaming
Terry Monroe;20;Friends;Cooking
Zachary Anderson;51;Colleagues;Writing
Emily Barnes;40;Colleagues;Fashion
Wayne Silva;63;Friends;Travel
Christopher Huff;30;Family;Fitness
Aaron Perry;66;Friends;Travel
Jacqueline Choi;61;Colleagues;Travel
Michael Morgan;38;Family;Movies
Michael Powell;54;Colleagues;Hiking
Amy Perez;53;Colleagues;Writing
Casey Reyes;23;Colleagues;Reading
Jose Mata;56;Friends;Hiking
Jean Weber;50;Friends;Reading
Luis Carlson;62;Colleagues;Fashion
Bryan Hicks;32;Colleagues;Gaming
Michele Alexander;54;Colleagues;Photography
Kevin Wells;48;Family;Painting
Jonathon Williams;45;Other;Sports
Mary Newman;37;Colleagues;Travel
Kelly Wright;21;Colleagues;Painting
Robert Bauer;71;Colleagues;Photography
Thomas Moody;70;Colleagues;Gaming
Breanna Massey;52;Other;Cooking
Matthew Hanson;34;Friends;Gaming
Robert Yang;52;Family;Technology
Vanessa Richardson;41;Colleagues;Dancing
Billy Rios;56;Friends;Movies
Mary Franco;58;Colleagues;Photography
Brandy Bolton;38;Family;Hiking
Tyler Johnson DDS;73;Friends;Cooking
William Reyes;54;Family;Photography
Jane Wolf;47;Friends;Fitness
Casey Thomas;52;Colleagues;Dancing
Kimberly Sosa;53;Colleagues;Travel
Tamara Franco;58;Friends;Music
Kenneth King;56;Colleagues;Sports
Joseph Brown;73;Friends;Reading
David Reid;24;Colleagues;Music
Andrew Martin;47;Friends;Technology
Christopher Cox;69;Other;Writing
Frank Gonzalez;71;Friends;Technology
Brenda King;46;Family;Fashion
Michelle Alvarez;25;Family;Photography
Alexis Medina;69;Other;Gaming
Richard Allen;74;Family;Movies
Sean Wise;33;Colleagues;Technology
Mary Williams;56;Friends;Technology
Dawn Pineda;66;Colleagues;Fashion
James Graham;69;Friends;Music
Jessica Brown;58;Other;Travel
Karen Johnson;74;Friends;Gaming
James Lee;49;Friends;Writing
Jonathan Meyers;41;Colleagues;Cooking
Casey Walker;59;Family;Photography
Chris Alvarez;40;Other;Photography
Jordan Foley;41;Family;Cooking
Claire Collins;69;Family;Dancing
David Miles;26;Friends;Gaming
Deborah Torres;34;Family;Movies
Michelle Giles;71;Colleagues;Fashion
Jeremy Zimmerman;40;Friends;Photography
Daniel Williams;69;Colleagues;Hiking
Jacob Matthews;64;Other;Fashion
Joe Simmons;60;Family;Writing
Sydney Reyes;66;Family;Travel
Robert Rich;33;Other;Movies
Karen Brown;48;Family;Cooking
Jason Williamson;25;Family;Hiking
Joanna Roman;58;Colleagues;Writing
Emily White;40;Friends;Cooking
Glenn Bailey;61;Other;Fitness
Robert Martin MD;68;Family;Gaming
Olivia Campbell;34;Colleagues;Sports
Eric Jones;50;Friends;Fashion
Michael Robinson;73;Other;Fitness
Ashley Jarvis;41;Other;Painting
Shelby Petersen;64;Colleagues;Fashion
Denise Nelson;24;Family;Fitness
Tammy Sherman;24;Colleagues;Hiking
Daniel Tran;70;Family;Reading
Makayla Chavez;54;Other;Dancing
Michael Parker;65;Family;Fashion
Melanie Howard;60;Family;Fitness
Deanna Ruiz;34;Colleagues;Writing
Heather Mack;41;Colleagues;Reading
Ricky Bonilla;69;Family;Cooking
Jessica Finley;43;Family;Hiking
Scott Mcguire;31;Friends;Dancing
Mrs. Melanie Evans;54;Friends;Fitness
Anthony Ross;36;Family;Hiking
Lee Neal;50;Friends;Sports
Anthony Davis;74;Family;Technology
Brandy Dalton;36;Other;Photography
Wesley Burnett;72;Friends;Technology
Kimberly Snyder;54;Family;Writing
Mary Clements;21;Colleagues;Photography
Andrea Larsen;25;Friends;Travel
Vincent Hickman;25;Friends;Fitness
Karen Sanchez;53;Friends;Hiking
Daniel Ray;29;Friends;Hiking
Joseph Ross;26;Colleagues;Cooking
Joseph Nguyen;57;Colleagues;Hiking
Gregory Harrison;67;Other;Photography
Timothy Mason;39;Family;Painting
Sydney Patterson;50;Friends;Cooking
Jimmy Sutton;38;Family;Gaming
Aaron Ballard MD;63;Family;Movies
Shawn Rubio;20;Colleagues;Travel
Kenneth Ellis II;65;Colleagues;Sports
Kevin Mathews;33;Friends;Music
Daniel Newman;43;Family;Gaming
Anne Munoz;45;Colleagues;Music
Jeffrey Nelson;75;Friends;Music
Timothy Kelley;35;Friends;Travel
Brian Gomez;73;Colleagues;Music
Candice Durham;39;Family;Sports
Christopher Collins;28;Colleagues;Fitness
Karen Perry;74;Family;Sports
Jaime Fisher;45;Friends;Technology
Mrs. Sue Richards;33;Family;Movies
Steven Stewart;38;Colleagues;Reading
Patrick Rosales;32;Other;Travel
Sarah Pruitt;68;Other;Music
Erica Hines;38;Friends;Dancing
Angelica Gordon;60;Other;Gaming
Alex Sanchez;71;Friends;Sports
Jamie Raymond;18;Other;Sports
Shawn Davenport;68;Other;Movies
Robin Miller;43;Colleagues;Cooking
Cindy Davila;26;Friends;Writing
Preston Jackson;72;Other;Fitness
Rebekah Knapp;32;Colleagues;Technology
Andrew Shields;25;Family;Reading
Rebecca Mullins;58;Friends;Photography
Michael Williams;64;Other;Travel
Anthony Stevenson;29;Family;Photography
Levi Carr;18;Friends;Cooking
Fernando Melton;47;Family;Gaming
Pamela Fleming;49;Other;Music
Stephen Massey;63;Other;Movies
Luis Le;40;Colleagues;Hiking
Jessica Zavala;71;Family;Fitness
Dorothy Nelson;53;Family;Photography
Allison Johnson;44;Family;Technology
Justin Romero;20;Family;Photography
Robert Washington;44;Friends;Painting
Melanie Cunningham;54;Colleagues;Reading
Charles Leonard;33;Other;Cooking
Austin Spears;75;Other;Music
Meghan Jackson;41;Colleagues;Reading
Nathaniel Nguyen;38;Other;Painting
Ethan Johnson;62;Colleagues;Fitness
Brittney Braun;75;Friends;Sports
Holly Parker;26;Colleagues;Reading
Marcus Carey;53;Family;Reading
Ashley Kennedy;38;Other;Technology
Tonya Gonzalez;58;Other;Sports
Henry Good;71;Friends;Travel
Edward Sanchez PhD;62;Friends;Gaming
Gabriel Watson;64;Colleagues;Cooking
Dr. Ryan Garcia;51;Colleagues;Music
Shannon Manning;48;Other;Painting
Marc Brown;34;Family;Sports
Cynthia Hawkins;52;Colleagues;Cooking
Jason Gill;48;Friends;Music
Destiny Fisher;73;Other;Reading
Daniel Cortez;27;Family;Travel
Amy Mcgee;49;Family;Technology
Ann Collins;34;Family;Hiking
Austin Tucker;28;Colleagues;Gaming
