Guest;Age;Group;Interests
Sarah Gutierrez;55;Other;Reading
Theodore Ramos;19;Family;Technology
Theresa Hernandez;32;Family;Cooking
Jason Mason;48;Colleagues;Reading
Andrea Hines;51;Friends;Hiking
Katelyn Williams;24;Colleagues;Painting
Kristen Brooks;26;Family;Cooking
Sarah Mitchell;28;Other;Reading
Denise Walker;36;Friends;Gaming
Mariah Mckinney;30;Friends;Movies
Ms. Kristina Edwards MD;65;Friends;Cooking
Dennis Coffey;72;Other;Music
Thomas Gonzalez;74;Colleagues;Photography
Angela Benton;47;Friends;Sports
Sean Martinez;60;Family;Technology
Natalie Carlson;40;Other;Technology
Darlene Nichols;29;Other;Gaming
Stephanie Farmer MD;65;Colleagues;Sports
Catherine Holden;65;Colleagues;Fashion
Whitney Lyons;73;Friends;Fashion
Shelly Armstrong;57;Friends;Fashion
Nicole Gonzalez;25;Colleagues;Technology
Brianna Osborn;70;Colleagues;Fitness
Mary Cochran;21;Colleagues;Travel
Patrick Humphrey;46;Colleagues;Photography
Sydney Reese;63;Other;Sports
Benjamin Burke;24;Colleagues;Fitness
Stephen Jones;21;Family;Fitness
Joseph Proctor;34;Family;Music
Jeffery White;63;Colleagues;Gaming
Terry Monroe;20;Friends;Cooking
Zachary Anderson;51;Colleagues;Writing
Emily Barnes;40;Colleagues;Fashion
Wayne Silva;63;Friends;Travel
Christopher Huff;30;Family;Fitness
Aaron Perry;66;Friends;Travel
Jacqueline Choi;61;Colleagues;Travel
Michael Morgan;38;Family;Movies
Michael Powell;54;Colleagues;Hiking
Amy Perez;53;Colleagues;Writing
Casey Reyes;23;Colleagues;Reading
Jose Mata;56;Friends;Hiking
Jean Weber;50;Friends;Reading
Luis Carlson;62;Colleagues;Fashion
Bryan Hicks;32;Colleagues;Gaming
Michele Alexander;54;Colleagues;Photography
Kevin Wells;48;Family;Painting
Jonathon Williams;45;Other;Sports
Mary Newman;37;Colleagues;Travel
Kelly Wright;21;Colleagues;Painting
Robert Bauer;71;Colleagues;Photography
Thomas Moody;70;Colleagues;Gaming
Breanna Massey;52;Other;Cooking
Matthew Hanson;34;Friends;Gaming
Robert Yang;52;Family;Technology
Vanessa Richardson;41;Colleagues;Dancing
Billy Rios;56;Friends;Movies
Mary Franco;58;Colleagues;Photography
Brandy Bolton;38;Family;Hiking
Tyler Johnson DDS;73;Friends;Cooking
William Reyes;54;Family;Photography
Jane Wolf;47;Friends;Fitness
Casey Thomas;52;Colleagues;Dancing
Kimberly Sosa;53;Colleagues;Travel
Tamara Franco;58;Friends;Music
Kenneth King;56;Colleagues;Sports
Joseph Brown;73;Friends;Reading
David Reid;24;Colleagues;Music
Andrew Martin;47;Friends;Technology
Christopher Cox;69;Other;Writing
Frank Gonzalez;71;Friends;Technology
Brenda King;46;Family;Fashion
Michelle Alvarez;25;Family;Photography
Alexis Medina;69;Other;Gaming
Richard Allen;74;Family;Movies
Sean Wise;33;Colleagues;Technology
Mary Williams;56;Friends;Technology
Dawn Pineda;66;Colleagues;Fashion
James Graham;69;Friends;Music
Jessica Brown;58;Other;Travel
Karen Johnson;74;Friends;Gaming
James Lee;49;Friends;Writing
Jonathan Meyers;41;Colleagues;Cooking
Casey Walker;59;Family;Photography
Chris Alvarez;40;Other;Photography
Jordan Foley;41;Family;Cooking
Claire Collins;69;Family;Dancing
David Miles;26;Friends;Gaming
Deborah Torres;34;Family;Movies
Michelle Giles;71;Colleagues;Fashion
Jeremy Zimmerman;40;Friends;Photography
Daniel Williams;69;Colleagues;Hiking
Jacob Matthews;64;Other;Fashion
Joe Simmons;60;Family;Writing
Sydney Reyes;66;Family;Travel
Robert Rich;33;Other;Movies
Karen Brown;48;Family;Cooking
Jason Williamson;25;Family;Hiking
Joanna Roman;58;Colleagues;Writing
Emily White;40;Friends;Cooking
Glenn Bailey;61;Other;Fitness
Robert Martin MD;68;Family;Gaming
Olivia Campbell;34;Colleagues;Sports
Eric Jones;50;Friends;Fashion
Michael Robinson;73;Other;Fitness
Ashley Jarvis;41;Other;Painting
Shelby Petersen;64;Colleagues;Fashion
Denise Nelson;24;Family;Fitness
Tammy Sherman;24;Colleagues;Hiking
Daniel Tran;70;Family;Reading
Makayla Chavez;54;Other;Dancing
Michael Parker;65;Family;Fashion
Melanie Howard;60;Family;Fitness
Deanna Ruiz;34;Colleagues;Writing
Heather Mack;41;Colleagues;Reading
Ricky Bonilla;69;Family;Cooking
Jessica Finley;43;Family;Hiking
Scott Mcguire;31;Friends;Dancing
Mrs. Melanie Evans;54;Friends;Fitness
Anthony Ross;36;Family;Hiking
Lee Neal;50;Friends;Sports
Anthony Davis;74;Family;Technology
Brandy Dalton;36;Other;Photography
Wesley Burnett;72;Friends;Technology
Kimberly Snyder;54;Family;Writing
Mary Clements;21;Colleagues;Photography
Andrea Larsen;25;Friends;Travel
Vincent Hickman;25;Friends;Fitness
Karen Sanchez;53;Friends;Hiking
Daniel Ray;29;Friends;Hiking
Joseph Ross;26;Colleagues;Cooking
Joseph Nguyen;57;Colleagues;Hiking
Gregory Harrison;67;Other;Photography
Timothy Mason;39;Family;Painting
Sydney Patterson;50;Friends;Cooking
Jimmy Sutton;38;Family;Gaming
Aaron Ballard MD;63;Family;Movies
Shawn Rubio;20;Colleagues;Travel
Kenneth Ellis II;65;Colleagues;Sports
Kevin Mathews;33;Friends;Music
Daniel Newman;43;Family;Gaming
Anne Munoz;45;Colleagues;Music
Jeffrey Nelson;75;Friends;Music
Timothy Kelley;35;Friends;Travel
Brian Gomez;73;Colleagues;Music
Candice Durham;39;Family;Sports
Christopher Collins;28;Colleagues;Fitness
Karen Perry;74;Family;Sports
Jaime Fisher;45;Friends;Technology
Mrs. Sue Richards;33;Family;Movies
Steven Stewart;38;Colleagues;Reading
Patrick Rosales;32;Other;Travel
Sarah Pruitt;68;Other;Music
Erica Hines;38;Friends;Dancing
Angelica Gordon;60;Other;Gaming
Alex Sanchez;71;Friends;Sports
Jamie Raymond;18;Other;Sports
Shawn Davenport;68;Other;Movies
Robin Miller;43;Colleagues;Cooking
Cindy Davila;26;Friends;Writing
Preston Jackson;72;Other;Fitness
Rebekah Knapp;32;Colleagues;Technology
Andrew Shields;25;Family;Reading
Rebecca Mullins;58;Friends;Photography
Michael Williams;64;Other;Travel
Anthony Stevenson;29;Family;Photography
Levi Carr;18;Friends;Cooking
Fernando Melton;47;Family;Gaming
Pamela Fleming;49;Other;Music
Stephen Massey;63;Other;Movies
Luis Le;40;Colleagues;Hiking
Jessica Zavala;71;Family;Fitness
Dorothy Nelson;53;Family;Photography
Allison Johnson;44;Family;Technology
Justin Romero;20;Family;Photography
Robert Washington;44;Friends;Painting
Melanie Cunningham;54;Colleagues;Reading
Charles Leonard;33;Other;Cooking
Austin Spears;75;Other;Music
Meghan Jackson;41;Colleagues;Reading
Nathaniel Nguyen;38;Other;Painting
Ethan Johnson;62;Colleagues;Fitness
Brittney Braun;75;Friends;Sports
Holly Parker;26;Colleagues;Reading
Marcus Carey;53;Family;Reading
Ashley Kennedy;38;Other;Technology
Tonya Gonzalez;58;Other;Sports
Henry Good;71;Friends;Travel
Edward Sanchez PhD;62;Friends;Gaming
Gabriel Watson;64;Colleagues;Cooking
Dr. Ryan Garcia;51;Colleagues;Music
Shannon Manning;48;Other;Painting
Marc Brown;34;Family;Sports
Cynthia Hawkins;52;Colleagues;Cooking
Jason Gill;48;Friends;Music
Destiny Fisher;73;Other;Reading
Daniel Cortez;27;Family;Travel
Amy Mcgee;49;Family;Technology
Ann Collins;34;Family;Hiking
Austin Tucker;28;Colleagues;Gaming
Stephen Sanchez;20;Colleagues;Movies
Rebekah Jarvis;59;Other;Gaming
Denise Mcguire;45;Family;Hiking
Stephen Pineda;48;Friends;Fashion
Patrick Brown;68;Colleagues;Gaming
Nathaniel Parker;74;Other;Movies
Melanie Nguyen;19;Colleagues;Reading
Kimberly Durham;43;Colleagues;Technology
Christopher Reyes;27;Friends;Movies
Billy Finley;63;Family;Technology
Karen Holden;69;Colleagues;Music
Anthony Nguyen;29;Family;Movies
Vincent Walker;42;Colleagues;Technology
Robin Newman;20;Friends;Sports
Richard Williams;67;Friends;Fitness
Sean Spears;32;Colleagues;Hiking
David Miller;38;Friends;Writing
Edward Torres;38;Other;Movies
Marc Howard;59;Family;Technology
Joanna Kennedy;70;Other;Cooking
Robert Rubio;30;Other;Hiking
Preston Washington;56;Family;Fashion
Ricky Munoz;51;Other;Painting
Pamela Johnson;58;Friends;Hiking
Edward Powell;45;Friends;Movies
Brandy Gutierrez;29;Friends;Fitness
Amy Wise;36;Colleagues;Fashion
Thomas King;67;Other;Photography
Mary Holden;22;Colleagues;Fashion
Daniel Sanchez;68;Colleagues;Reading
Denise Mathews;61;Friends;Gaming
Makayla Munoz;71;Colleagues;Travel
Aaron Cortez;65;Friends;Reading
Mary Matthews;64;Family;Dancing
Sean Romero;70;Other;Hiking
Aaron Hickman;52;Colleagues;Music
Vanessa King;35;Family;Fashion
Thomas Giles;59;Family;Sports
Michael Garcia;41;Other;Music
Sarah Johnson;63;Family;Music
Jonathon Raymond;73;Friends;Writing
Holly Cox;37;Other;Fitness
Darlene Mitchell;29;Other;Dancing
Dorothy Williams;53;Family;Hiking
Amy Pruitt;56;Friends;Photography
Holly Nelson;35;Colleagues;Writing
Aaron Bailey;53;Family;Hiking
Brandy Nelson;19;Friends;Gaming
Angelica Watson;54;Colleagues;Dancing
Vincent Wright;65;Other;Movies
Sarah Gill;30;Friends;Travel
Terry Richardson;71;Colleagues;Photography
Michael Brown;46;Family;Sports
Michael Martin;47;Family;Fashion
Timothy Hernandez;35;Friends;Dancing
Shannon Gutierrez;21;Family;Writing
Dennis Wolf;58;Other;Music
Marcus Parker;45;Other;Movies
Amy Cox;28;Family;Gaming
Jason Meyers;63;Other;Gaming
Jeffrey Carey;57;Colleagues;Writing
Kevin Munoz;63;Family;Gaming
Mary Zavala;35;Colleagues;Gaming
Angela Alvarez;65;Family;Photography
Preston Campbell;67;Friends;Writing
Makayla Cortez;40;Friends;Technology
Daniel Choi;48;Family;Hiking
Kenneth Williamson;40;Other;Hiking
William Garcia;44;Friends;Fitness
Austin Miles;24;Other;Music
Joseph Evans;54;Friends;Technology
Joseph Bolton;22;Colleagues;Sports
Jonathon Sutton;75;Friends;Cooking
Jessica Yang;66;Family;Writing
Mariah Tucker;19;Family;Sports
Anthony Leonard;49;Colleagues;Reading
Timothy Cochran;28;Other;Travel
Michael Choi;35;Family;Dancing
Erica Burnett;48;Other;Reading
Austin Rich;24;Other;Cooking
Aaron Proctor;22;Other;Music
Heather Patterson;49;Colleagues;Cooking
Jane Torres;55;Family;Music
Jimmy Stewart;33;Other;Sports
Amy Rich;68;Family;Technology
Sydney Zimmerman;66;Friends;Fashion
Heather Petersen;34;Family;Fitness
Dorothy Bauer;31;Family;Sports
Amy Miles;41;Friends;Sports
Christopher Perry;44;Other;Movies
Jean Mullins;41;Friends;Cooking
Lee Collins;44;Colleagues;Fashion
Breanna Washington;74;Friends;Technology
Kimberly Morgan;38;Family;Painting
Michael Washington;39;Colleagues;Travel
Michael Mitchell;31;Family;Travel
Candice Hicks;67;Other;Painting
Cindy King;66;Friends;Cooking
Jason Osborn;44;Colleagues;Fashion
Kenneth Snyder;49;Other;Hiking
Alex Brooks;45;Other;Movies
Daniel Hickman;52;Colleagues;Gaming
Deanna Morgan;45;Other;Reading
Mary Ruiz;30;Family;Writing
Jacob Bonilla;69;Friends;Gaming
Kimberly Simmons;44;Other;Gaming
Deborah Melton;66;Family;Sports
Alexis Sutton;63;Colleagues;Movies
Andrew Mullins;61;Family;Photography
Christopher Raymond;19;Family;Gaming
Edward II;34;Family;Writing
Dennis Mcgee;26;Colleagues;Fashion
Anthony PhD;34;Family;Dancing
Karen Ramos;46;Friends;Photography
Jean Harrison;55;Friends;Hiking
Casey Washington;34;Colleagues;Gaming
Anne Rubio;73;Other;Fashion
Wesley Stevenson;51;Friends;Dancing
Katelyn Finley;54;Other;Music
Casey Williams;40;Family;Reading
Terry Williamson;70;Colleagues;Cooking
Jason Nelson;63;Colleagues;Technology
Anthony Mata;27;Friends;Gaming
Kevin Carr;43;Colleagues;Hiking
Robert Zavala;73;Other;Photography
Tonya Hanson;53;Colleagues;Reading
Tamara Reyes;29;Friends;Sports
Casey Burke;62;Friends;Fashion
Emily Garcia;41;Colleagues;Hiking
Stephanie Nelson;63;Other;Dancing
Casey Knapp;71;Family;Dancing
Makayla Richardson;63;Friends;Fashion
Robert Fisher;65;Other;Dancing
Natalie Manning;62;Other;Travel
Thomas Alexander;63;Colleagues;Writing
James Walker;72;Colleagues;Fashion
Vanessa Reid;59;Colleagues;Fashion
Joseph Wright;43;Colleagues;Technology
Michael Good;49;Family;Gaming
Cynthia Alexander;38;Other;Reading
Brittney Knapp;26;Friends;Fashion
Nicole Perry;47;Colleagues;Music
Mary PhD;36;Friends;Travel
Christopher Moody;75;Colleagues;Dancing
Wayne Ray;70;Family;Sports
Michele Franco;24;Other;Dancing
Luis Simmons;56;Friends;Writing
Patrick DDS;72;Colleagues;Photography
Cindy Brooks;48;Friends;Fashion
Sarah Ross;65;Family;Movies
Michael Davila;21;Colleagues;Fitness
Pamela Nguyen;19;Other;Reading
Allison Simmons;20;Colleagues;Writing
Christopher Brown;46;Colleagues;Movies
James Davila;36;Colleagues;Photography
Mary Meyers;65;Family;Technology
Shelby Reese;46;Colleagues;Cooking
Andrea Richards;25;Colleagues;Travel
Holly Martinez;58;Family;Travel
Jeffery Cox;18;Family;Fashion
Sydney Ramos;30;Colleagues;Fitness
Deanna Reyes;53;Family;Photography
Edward Medina;29;Friends;Reading
Ricky Shields;71;Family;Writing
Denise Carr;66;Other;Fitness
Dawn Matthews;52;Other;Movies
Shelly Watson;73;Colleagues;Music
Dorothy Johnson;62;Friends;Music
Shawn PhD;46;Family;Dancing
Justin Holden;34;Other;Cooking
Joseph Allen;38;Colleagues;Cooking
Jessica Weber;18;Family;Technology
David Franco;47;Family;Music
Jason PhD;43;Other;Movies
Gabriel Hernandez;72;Family;Fitness
Vincent Brown;70;Friends;Painting
Angelica Williams;65;Family;Fashion
Austin Alvarez;26;Other;Reading
Sean Ross;70;Friends;Painting
Christopher Bolton;46;Family;Writing
Michael Rubio;64;Family;Writing
Robert Ray;40;Family;Travel
Jeffery Dalton;47;Friends;Fashion
Brittney White;34;Other;Sports
Mrs. Good;74;Friends;Gaming
Erica Nelson;75;Friends;Photography
David Allen;63;Other;Writing
Wayne Hernandez;32;Family;Photography
Breanna Ray;41;Colleagues;Travel
Patrick Nelson;45;Friends;Hiking
Michelle Sutton;46;Friends;Fitness
Timothy Barnes;62;Family;Movies
Rebecca Ramos;42;Family;Dancing
Luis Sanchez;21;Family;Photography
Mary Larsen;53;Colleagues;Music
Andrea Morgan;60;Family;Painting
Benjamin Hicks;36;Friends;Sports
Preston Parker;51;Friends;Hiking
Anthony Nelson;65;Friends;Reading
Jason Cunningham;44;Family;Technology
Kristen Ross;36;Other;Hiking
Stephen Newman;46;Other;Technology
Alex Rich;19;Other;Writing
Jose Gill;32;Family;Reading
David Cox;57;Family;Technology
Sydney Mathews;42;Colleagues;Fitness
Jonathon Evans;20;Friends;Travel
Christopher Howard;70;Friends;Photography
Jason Rich;44;Colleagues;Sports
Theodore Nelson;52;Other;Photography
Kelly Jones;34;Colleagues;Photography
Jamie Stewart;53;Friends;Sports
Sean II;52;Other;Sports
Charles MD;75;Family;Fitness
Preston Walker;55;Family;Movies
Emily Massey;30;Family;Music
Jessica Gomez;23;Other;Music
Kenneth Neal;29;Colleagues;Hiking
Emily Melton;20;Colleagues;Travel
Eric Watson;75;Colleagues;Sports
Austin Mckinney;75;Family;Hiking
Anthony Jones;34;Family;Sports
Ms. Hicks;38;Colleagues;Photography
Michael Shields;46;Family;Fitness
Aaron Williams;50;Other;Technology
Karen Rios;64;Colleagues;Cooking
Karen Tran;64;Family;Gaming
Joseph Davis;20;Family;Dancing
Amy Cortez;52;Family;Fitness
Denise II;18;Friends;Sports
Karen Perez;54;Colleagues;Fashion
Jose Patterson;33;Colleagues;Sports
Brenda Rich;62;Family;Music
Jason Simmons;42;Friends;Photography
Brandy Harrison;46;Friends;Technology
Jaime Reyes;23;Friends;Sports
Shelly Franco;75;Family;Movies
Karen PhD;61;Friends;Cooking
Patrick Benton;37;Friends;Sports
Jaime Leonard;66;Friends;Movies
Angela Jones;55;Family;Sports
Shawn Mason;20;Family;Movies
Mariah Weber;34;Colleagues;Hiking
Destiny Wolf;61;Other;Travel
Candice Mathews;24;Friends;Movies
Robert Neal;74;Family;Fitness
Destiny Sanchez;34;Friends;Music
Tammy Gill;35;Friends;Dancing
Joseph Tucker;44;Other;Travel
Robert Leonard;52;Family;Reading
Katelyn Anderson;19;Other;Movies
Jaime Campbell;34;Other;Fitness
Jose MD;45;Other;Travel
Meghan Evans;21;Friends;Sports
Jeremy Brown;20;Friends;Travel
Tyler Nelson;72;Colleagues;Painting
Cindy Mitchell;58;Family;Travel
Emily Ruiz;69;Colleagues;Photography
Kimberly Sherman;45;Family;Dancing
Angela Mckinney;73;Family;Music
Michael Le;49;Friends;Fitness
Brianna Jackson;25;Other;Gaming
Anthony Massey;30;Other;Hiking
Amy MD;24;Family;Painting
Deborah Ross;19;Colleagues;Travel
Joseph Yang;24;Friends;Sports
Steven Reyes;71;Other;Movies
Robert Nelson;22;Other;Sports
Austin Fisher;60;Other;Fitness
Melanie Carlson;28;Friends;Photography
Jessica MD;31;Friends;Cooking
Robert Davenport;38;Friends;Movies
Joanna Le;25;Family;Reading
Whitney Good;64;Family;Writing
Jessica Reid;24;Friends;Movies
Robin Mason;73;Other;Sports
Mrs. Jones;35;Friends;Technology
Robert Parker;39;Colleagues;Music
Tamara Garcia;33;Family;Reading
Emily Medina;71;Other;Hiking
Stephen Foley;66;Colleagues;Painting
Michele Powell;72;Other;Fitness
Robert Roman;26;Other;Travel
Levi Shields;33;Friends;Writing
Robert Williams;24;Family;Hiking
Kelly Sanchez;49;Other;Technology
Timothy Evans;38;Other;Hiking
Heather Neal;44;Family;Dancing
Brian Reid;62;Friends;Cooking
Pamela Hines;34;Colleagues;Travel
Jessica Le;54;Colleagues;Reading
Michael Mcgee;44;Family;Music
Austin Wright;60;Colleagues;Fitness
Daniel Sutton;56;Family;Reading
Amy Lyons;71;Friends;Cooking
Sarah Rosales;41;Family;Cooking
Michael Weber;34;Colleagues;Sports
Jacob Williams;51;Other;Gaming
Stephen Gutierrez;65;Colleagues;Hiking
Robert Richardson;28;Friends;Reading
Makayla Campbell;60;Friends;Movies
Dorothy Gomez;43;Friends;Movies
Whitney Reyes;31;Friends;Dancing
Nicole Barnes;70;Friends;Sports
Jimmy Carlson;54;Other;Dancing
Olivia Walker;69;Colleagues;Fitness
Sarah Romero;37;Friends;Photography
Richard Zimmerman;27;Other;Photography
Sarah White;58;Other;Fashion
Michelle Evans;57;Other;Cooking
Kristen Brown;36;Other;Photography
Sydney Nelson;47;Other;Fitness
Steven Giles;44;Other;Photography
Joseph Romero;60;Family;Travel
Tyler Alvarez;46;Friends;Photography
Jeffery Reese;74;Colleagues;Fitness
Jaime Walker;19;Friends;Reading
Jordan Jarvis;38;Other;Fashion
Andrew Alvarez;20;Colleagues;Cooking
William Medina;20;Friends;Music
Mrs. Alexander;38;Other;Travel
Robert Humphrey;35;Family;Painting
Casey Richardson;42;Family;Dancing
Daniel Miles;34;Friends;Photography
Candice Nichols;70;Other;Cooking
Jason DDS;69;Friends;Fashion
Michele Carr;21;Other;Reading
William Melton;19;Friends;Reading
Michele Wright;60;Other;Dancing
Daniel Brown;28;Colleagues;Writing
Sarah Leonard;38;Other;Music
Denise Burnett;41;Family;Painting
Luis Armstrong;51;Colleagues;Travel
Anthony Campbell;41;Family;Movies
Vanessa Williams;62;Family;Movies
Kelly Jarvis;54;Colleagues;Painting
Brittney Perry;70;Friends;Dancing
Rebekah Medina;43;Friends;Painting
Brittney Nelson;21;Friends;Reading
Timothy Howard;49;Colleagues;Sports
Mary Hickman;55;Family;Reading
Christopher White;62;Other;Cooking
Michael Carlson;68;Friends;Fashion
Jaime Perry;64;Colleagues;Hiking
Joe Franco;65;Friends;Reading
Angela Kelley;55;Friends;Movies
Jacqueline Gomez;49;Family;Fashion
Wayne MD;50;Family;Reading
Lee Parker;32;Friends;Cooking
Daniel Wright;26;Family;Reading
Nathaniel Matthews;62;Family;Fashion
Thomas Silva;27;Colleagues;Dancing
Jane Miles;56;Family;Fashion
Christopher Martin;72;Colleagues;Gaming
Benjamin Wolf;30;Other;Music
Christopher Holden;23;Other;Gaming
Frank Gill;67;Friends;Travel
Sydney Williams;37;Family;Photography
Jason Morgan;69;Other;Fashion
Daniel Petersen;66;Friends;Travel
Vanessa Cortez;37;Other;Technology
Nathaniel Collins;46;Other;Photography
Brandy Thomas;24;Friends;Technology
Glenn Munoz;67;Friends;Writing
Michael Lyons;58;Other;Fitness
James Manning;71;Family;Technology
Wayne Williamson;42;Other;Music
Mariah Walker;71;Family;Sports
Sarah Sanchez;37;Friends;Cooking
Jacob Newman;51;Friends;Painting
Ann Torres;37;Family;Painting
Preston Torres;61;Family;Movies
William Watson;72;Family;Photography
David Sanchez;22;Other;Movies
Jaime Petersen;32;Colleagues;Travel
Michael Fisher;32;Other;Photography
Melanie Gonzalez;50;Family;Writing
Scott Gonzalez;29;Other;Movies
Wesley Leonard;59;Friends;Reading
Brandy Armstrong;64;Friends;Fitness
Eric Martin;40;Friends;Reading
Levi II;28;Other;Dancing
Sarah Martinez;37;Colleagues;Fitness
Shelby Wells;42;Colleagues;Painting
Mary Good;30;Colleagues;Dancing
Holly Burnett;35;Colleagues;Painting
Joseph Alexander;40;Friends;Writing
William Gonzalez;65;Friends;Writing
Henry Moody;59;Other;Technology
Luis Williams;32;Friends;Travel
Karen Matthews;65;Colleagues;Fitness
Edward Sutton;39;Friends;Cooking
Melanie Massey;68;Friends;Gaming
Jason Mathews;62;Colleagues;Painting
Anthony Alvarez;35;Colleagues;Technology
Michael Newman;64;Friends;Gaming
Jacqueline White;67;Friends;Fitness
Joseph Monroe;24;Other;Movies
Dawn Gonzalez;25;Other;Photography
Destiny Jones;27;Friends;Gaming
